trajectory_id,state_id,configuration,force_pn,path
state00_config0_force0,state00,0,0,C:\Users\ly\Documents\Codex\2026-09-18\x-x-act3-act5-act1-act4\pfr-stgnet\data\smoke\state00_config0_force0.npz
state00_config0_force50,state00,0,50,C:\Users\ly\Documents\Codex\2026-09-18\x-x-act3-act5-act1-act4\pfr-stgnet\data\smoke\state00_config0_force50.npz
state00_config0_force100,state00,0,100,C:\Users\ly\Documents\Codex\2026-09-18\x-x-act3-act5-act1-act4\pfr-stgnet\data\smoke\state00_config0_force100.npz
state00_config0_force150,state00,0,150,C:\Users\ly\Documents\Codex\2026-09-18\x-x-act3-act5-act1-act4\pfr-stgnet\data\smoke\state00_config0_force150.npz
state00_config0_force250,state00,0,250,C:\Users\ly\Documents\Codex\2026-09-18\x-x-act3-act5-act1-act4\pfr-stgnet\data\smoke\state00_config0_force250.npz
state00_config1_force0,state00,1,0,C:\Users\ly\Documents\Codex\2026-09-18\x-x-act3-act5-act1-act4\pfr-stgnet\data\smoke\state00_config1_force0.npz
state00_config1_force50,state00,1,50,C:\Users\ly\Documents\Codex\2026-09-18\x-x-act3-act5-act1-act4\pfr-stgnet\data\smoke\state00_config1_force50.npz
state00_config1_force100,state00,1,100,C:\Users\ly\Documents\Codex\2026-09-18\x-x-act3-act5-act1-act4\pfr-stgnet\data\smoke\state00_config1_force100.npz
state00_config1_force150,state00,1,150,C:\Users\ly\Documents\Codex\2026-09-18\x-x-act3-act5-act1-act4\pfr-stgnet\data\smoke\state00_config1_force150.npz
state00_config1_force250,state00,1,250,C:\Users\ly\Documents\Codex\2026-09-18\x-x-act3-act5-act1-act4\pfr-stgnet\data\smoke\state00_config1_force250.npz
state01_config0_force0,state01,0,0,C:\Users\ly\Documents\Codex\2026-09-18\x-x-act3-act5-act1-act4\pfr-stgnet\data\smoke\state01_config0_force0.npz
state01_config0_force50,state01,0,50,C:\Users\ly\Documents\Codex\2026-09-18\x-x-act3-act5-act1-act4\pfr-stgnet\data\smoke\state01_config0_force50.npz
state01_config0_force100,state01,0,100,C:\Users\ly\Documents\Codex\2026-09-18\x-x-act3-act5-act1-act4\pfr-stgnet\data\smoke\state01_config0_force100.npz
state01_config0_force150,state01,0,150,C:\Users\ly\Documents\Codex\2026-09-18\x-x-act3-act5-act1-act4\pfr-stgnet\data\smoke\state01_config0_force150.npz
state01_config0_force250,state01,0,250,C:\Users\ly\Documents\Codex\2026-09-18\x-x-act3-act5-act1-act4\pfr-stgnet\data\smoke\state01_config0_force250.npz
state01_config1_force0,state01,1,0,C:\Users\ly\Documents\Codex\2026-09-18\x-x-act3-act5-act1-act4\pfr-stgnet\data\smoke\state01_config1_force0.npz
state01_config1_force50,state01,1,50,C:\Users\ly\Documents\Codex\2026-09-18\x-x-act3-act5-act1-act4\pfr-stgnet\data\smoke\state01_config1_force50.npz
state01_config1_force100,state01,1,100,C:\Users\ly\Documents\Codex\2026-09-18\x-x-act3-act5-act1-act4\pfr-stgnet\data\smoke\state01_config1_force100.npz
state01_config1_force150,state01,1,150,C:\Users\ly\Documents\Codex\2026-09-18\x-x-act3-act5-act1-act4\pfr-stgnet\data\smoke\state01_config1_force150.npz
state01_config1_force250,state01,1,250,C:\Users\ly\Documents\Codex\2026-09-18\x-x-act3-act5-act1-act4\pfr-stgnet\data\smoke\state01_config1_force250.npz
state02_config0_force0,state02,0,0,C:\Users\ly\Documents\Codex\2026-09-18\x-x-act3-act5-act1-act4\pfr-stgnet\data\smoke\state02_config0_force0.npz
state02_config0_force50,state02,0,50,C:\Users\ly\Documents\Codex\2026-09-18\x-x-act3-act5-act1-act4\pfr-stgnet\data\smoke\state02_config0_force50.npz
state02_config0_force100,state02,0,100,C:\Users\ly\Documents\Codex\2026-09-18\x-x-act3-act5-act1-act4\pfr-stgnet\data\smoke\state02_config0_force100.npz
state02_config0_force150,state02,0,150,C:\Users\ly\Documents\Codex\2026-09-18\x-x-act3-act5-act1-act4\pfr-stgnet\data\smoke\state02_config0_force150.npz
state02_config0_force250,state02,0,250,C:\Users\ly\Documents\Codex\2026-09-18\x-x-act3-act5-act1-act4\pfr-stgnet\data\smoke\state02_config0_force250.npz
state02_config1_force0,state02,1,0,C:\Users\ly\Documents\Codex\2026-09-18\x-x-act3-act5-act1-act4\pfr-stgnet\data\smoke\state02_config1_force0.npz
state02_config1_force50,state02,1,50,C:\Users\ly\Documents\Codex\2026-09-18\x-x-act3-act5-act1-act4\pfr-stgnet\data\smoke\state02_config1_force50.npz
state02_config1_force100,state02,1,100,C:\Users\ly\Documents\Codex\2026-09-18\x-x-act3-act5-act1-act4\pfr-stgnet\data\smoke\state02_config1_force100.npz
state02_config1_force150,state02,1,150,C:\Users\ly\Documents\Codex\2026-09-18\x-x-act3-act5-act1-act4\pfr-stgnet\data\smoke\state02_config1_force150.npz
state02_config1_force250,state02,1,250,C:\Users\ly\Documents\Codex\2026-09-18\x-x-act3-act5-act1-act4\pfr-stgnet\data\smoke\state02_config1_force250.npz
